Date,Time,Duration (HH:MM),Arrival Time (Minutes),Name,Opponent Name,Opponent Contact Name,Opponent Contact Phone Number,Opponent Contact E-mail Address,Location Name,Location Address,Location Details,Location URL,Home or Away,Uniform,Extra Label,Notes
09/13/2026,1:00 PM,1:30,,,Wasabi,,,,Beach Chalet,"1500 John F Kennedy, Golden Gate Park, San Francisco, CA",Beach #4 (Turf),,a,,,League game (Fall 2026)
09/20/2026,11:00 AM,1:30,,,Friends United,,,,Beach Chalet,"1500 John F Kennedy, Golden Gate Park, San Francisco, CA",Beach #4 (Turf),,h,,,League game (Fall 2026)
09/27/2026,3:00 PM,1:30,,,Killer Tomatoes,,,,Alameda Estuary Park,"230-200 Mosley Ave, Alameda, CA, 94501",Alameda Estuary Park,,a,,,League game (Fall 2026)
10/04/2026,3:00 PM,1:30,,,Spitfires,,,,Beach Chalet,"1500 John F Kennedy, Golden Gate Park, San Francisco, CA",Beach #4 (Turf),,a,,,League game (Fall 2026)
10/18/2026,9:00 AM,1:30,,,Old Flames,,,,Beach Chalet,"1500 John F Kennedy, Golden Gate Park, San Francisco, CA",Beach #4 (Turf),,a,,,League game (Fall 2026)
10/25/2026,3:00 PM,1:30,,,Wasabi,,,,Beach Chalet,"1500 John F Kennedy, Golden Gate Park, San Francisco, CA",Beach #4 (Turf),,h,,,League game (Fall 2026)
11/01/2026,9:00 AM,1:30,,,Killer Tomatoes,,,,Beach Chalet,"1500 John F Kennedy, Golden Gate Park, San Francisco, CA",Beach #4 (Turf),,h,,,League game (Fall 2026)
11/08/2026,1:00 PM,1:30,,,Old Flames,,,,Beach Chalet,"1500 John F Kennedy, Golden Gate Park, San Francisco, CA",Beach #4 (Turf),,a,,,League game (Fall 2026)
11/15/2026,11:00 AM,1:30,,,Friends United,,,,Beach Chalet,"1500 John F Kennedy, Golden Gate Park, San Francisco, CA",Beach #4 (Turf),,h,,,League game (Fall 2026)
11/22/2026,3:00 PM,1:30,,,Spitfires,,,,Beach Chalet,"1500 John F Kennedy, Golden Gate Park, San Francisco, CA",Beach #4 (Turf),,h,,,League game (Fall 2026)
